{"payload":{"installed_packages":["attrs==23.2.0","black==24.2.0","certifi==2024.2.2","charset-normalizer==3.3.2","click==8.1.7","colorama==0.4.6","comet-ml==3.38.1","configobj==5.0.8","contourpy==1.2.0","cycler==0.12.1","dulwich==0.21.7","everett==3.1.0","filelock==3.13.1","fonttools==4.49.0","fsspec==2024.2.0","gitdb==4.0.11","gitpython==3.1.42","idna==3.6","jinja2==3.1.3","jsonschema-specifications==2023.12.1","jsonschema==4.21.1","kiwisolver==1.4.5","markdown-it-py==3.0.0","markupsafe==2.1.5","matplotlib==3.8.3","mdurl==0.1.2","mpmath==1.3.0","mypy-extensions==1.0.0","networkx==3.2.1","numpy==1.26.4","opencv-python==4.9.0.80","packaging==23.2","pandas==2.2.1","pathspec==0.12.1","pillow==10.2.0","pip==24.0","platformdirs==4.2.0","psutil==5.9.8","py-cpuinfo==9.0.0","pycocotools==2.0.7","pygments==2.17.2","pyparsing==3.1.1","python-box==6.1.0","python-dateutil==2.9.0","pytz==2024.1","pyyaml==6.0.1","referencing==0.33.0","requests-toolbelt==1.0.0","requests==2.31.0","rich==13.7.1","rpds-py==0.18.0","scipy==1.12.0","seaborn==0.13.2","semantic-version==2.10.0","sentry-sdk==1.40.6","setuptools==69.1.1","simplejson==3.19.2","six==1.16.0","smmap==5.0.1","sympy==1.12","thop==0.1.1.post2209072238","torch==2.2.1","torchvision==0.17.1","tqdm==4.66.2","typing-extensions==4.10.0","tzdata==2024.1","ultralytics==8.1.20","urllib3==2.2.1","websocket-client==1.3.3","wrapt==1.16.0","wurlitzer==3.0.3"],"local_timestamp":1709369915749,"message_id":1},"type":"ws_msg"}
{"payload":{"env_details":{"command":["train.py","--img","640","--epochs","3","--data","coco128.yaml","--weights","yolov5s.pt"],"env":null,"hostname":"Aruthra","ip":"10.10.11.16","machine":"AMD64","os":"Windows-10-10.0.22631-SP0","os_release":"10","os_type":"Windows","pid":18572,"processor":"Intel64 Family 6 Model 154 Stepping 3, GenuineIntel","python_exe":"e:\\Ecofloater\\.venv\\Scripts\\python.exe","python_version":"3.11.7","python_version_verbose":"3.11.7 (tags/v3.11.7:fa7a6f2, Dec  4 2023, 19:24:49) [MSC v.1937 64 bit (AMD64)]","user":"DELL"},"local_timestamp":1709369915749,"message_id":2},"type":"ws_msg"}
{"payload":{"gpu_static_info":[{"gpu_index":0,"name":"NVIDIA GeForce RTX 3050 Laptop GPU","power_limit":35000,"total_memory":4294967296,"uuid":"GPU-a59fc887-0bd0-cdb3-fb2d-146a7346abf4"}],"local_timestamp":1709369916881,"message_id":3},"type":"ws_msg"}
{"payload":{"local_timestamp":1709369916881,"message_id":4,"metric":{"epoch":null,"metricName":"sys.gpu.0.total_memory","metricValue":4294967296,"step":null}},"type":"metric_msg"}
{"payload":{"local_timestamp":1709369916881,"message_id":5,"param":{"paramName":"img","paramValue":640,"source":"cli","step":null}},"type":"parameter_msg"}
{"payload":{"local_timestamp":1709369916881,"message_id":6,"param":{"paramName":"epochs","paramValue":3,"source":"cli","step":null}},"type":"parameter_msg"}
{"payload":{"local_timestamp":1709369916881,"message_id":7,"param":{"paramName":"data","paramValue":"coco128.yaml","source":"cli","step":null}},"type":"parameter_msg"}
{"payload":{"local_timestamp":1709369916881,"message_id":8,"param":{"paramName":"weights","paramValue":"yolov5s.pt","source":"cli","step":null}},"type":"parameter_msg"}
{"payload":{"local_timestamp":1709369916881,"log_other":{"key":"offline_experiment","val":true},"message_id":9},"type":"ws_msg"}
{"payload":{"local_timestamp":1709369916881,"log_other":{"key":"Name","val":"exp"},"message_id":10},"type":"ws_msg"}
{"payload":{"local_timestamp":1709369916897,"message_id":11,"stderr":true,"stdout":"Traceback (most recent call last):\n"},"type":"ws_msg"}
{"payload":{"local_timestamp":1709369916897,"message_id":12,"stderr":true,"stdout":"  File \"E:\\Ecofloater\\yolov5\\train.py\", line 856, in <module>\n"},"type":"ws_msg"}
{"payload":{"local_timestamp":1709369916897,"message_id":13,"stderr":true,"stdout":"    "},"type":"ws_msg"}
{"payload":{"local_timestamp":1709369916897,"message_id":14,"stderr":true,"stdout":"main(opt)"},"type":"ws_msg"}
{"payload":{"local_timestamp":1709369916897,"message_id":15,"stderr":true,"stdout":"\n"},"type":"ws_msg"}
{"payload":{"local_timestamp":1709369916897,"message_id":16,"stderr":true,"stdout":"  File \"E:\\Ecofloater\\yolov5\\train.py\", line 631, in main\n"},"type":"ws_msg"}
{"payload":{"local_timestamp":1709369916903,"message_id":17,"metric":{"epoch":null,"metricName":"sys.gpu.0.gpu_utilization","metricValue":0,"step":null}},"type":"metric_msg"}
{"payload":{"local_timestamp":1709369916903,"message_id":18,"metric":{"epoch":null,"metricName":"sys.gpu.0.temperature","metricValue":43,"step":null}},"type":"metric_msg"}
{"payload":{"local_timestamp":1709369916903,"message_id":19,"metric":{"epoch":null,"metricName":"sys.gpu.0.memory_utilization","metricValue":0,"step":null}},"type":"metric_msg"}
{"payload":{"local_timestamp":1709369916903,"message_id":20,"metric":{"epoch":null,"metricName":"sys.gpu.0.free_memory","metricValue":4156555264,"step":null}},"type":"metric_msg"}
{"payload":{"local_timestamp":1709369916903,"message_id":21,"metric":{"epoch":null,"metricName":"sys.gpu.0.used_memory","metricValue":138412032,"step":null}},"type":"metric_msg"}
{"payload":{"local_timestamp":1709369916903,"message_id":22,"metric":{"epoch":null,"metricName":"sys.gpu.0.percent.used_memory","metricValue":3.22265625,"step":null}},"type":"metric_msg"}
{"payload":{"local_timestamp":1709369916904,"message_id":23,"stderr":true,"stdout":"    "},"type":"ws_msg"}
{"payload":{"local_timestamp":1709369916904,"message_id":24,"stderr":true,"stdout":"train(opt.hyp, opt, device, callbacks)"},"type":"ws_msg"}
{"payload":{"local_timestamp":1709369916904,"message_id":25,"stderr":true,"stdout":"\n"},"type":"ws_msg"}
{"payload":{"local_timestamp":1709369916905,"message_id":26,"stderr":true,"stdout":"  File \"E:\\Ecofloater\\yolov5\\train.py\", line 161, in train\n"},"type":"ws_msg"}
{"payload":{"local_timestamp":1709369916905,"message_id":27,"stderr":true,"stdout":"    "},"type":"ws_msg"}
{"payload":{"local_timestamp":1709369916905,"message_id":28,"stderr":true,"stdout":"loggers = Loggers("},"type":"ws_msg"}
{"payload":{"local_timestamp":1709369916908,"message_id":29,"stderr":true,"stdout":"\n"},"type":"ws_msg"}
{"payload":{"local_timestamp":1709369916908,"message_id":30,"stderr":true,"stdout":" "},"type":"ws_msg"}
{"payload":{"local_timestamp":1709369916908,"message_id":31,"stderr":true,"stdout":" "},"type":"ws_msg"}
{"payload":{"local_timestamp":1709369916908,"message_id":32,"stderr":true,"stdout":" "},"type":"ws_msg"}
{"payload":{"local_timestamp":1709369916908,"message_id":33,"stderr":true,"stdout":" "},"type":"ws_msg"}
{"payload":{"local_timestamp":1709369916908,"message_id":34,"stderr":true,"stdout":" "},"type":"ws_msg"}
{"payload":{"local_timestamp":1709369916908,"message_id":35,"stderr":true,"stdout":" "},"type":"ws_msg"}
{"payload":{"local_timestamp":1709369916908,"message_id":36,"stderr":true,"stdout":" "},"type":"ws_msg"}
{"payload":{"local_timestamp":1709369916908,"message_id":37,"stderr":true,"stdout":" "},"type":"ws_msg"}
{"payload":{"local_timestamp":1709369916908,"message_id":38,"stderr":true,"stdout":" "},"type":"ws_msg"}
{"payload":{"local_timestamp":1709369916908,"message_id":39,"stderr":true,"stdout":" "},"type":"ws_msg"}
{"payload":{"local_timestamp":1709369916908,"message_id":40,"stderr":true,"stdout":" "},"type":"ws_msg"}
{"payload":{"local_timestamp":1709369916908,"message_id":41,"stderr":true,"stdout":" "},"type":"ws_msg"}
{"payload":{"local_timestamp":1709369916908,"message_id":42,"stderr":true,"stdout":" "},"type":"ws_msg"}
{"payload":{"local_timestamp":1709369916908,"message_id":43,"stderr":true,"stdout":" "},"type":"ws_msg"}
{"payload":{"local_timestamp":1709369916908,"message_id":44,"stderr":true,"stdout":"^"},"type":"ws_msg"}
{"payload":{"local_timestamp":1709369916908,"message_id":45,"stderr":true,"stdout":"^"},"type":"ws_msg"}
{"payload":{"local_timestamp":1709369916908,"message_id":46,"stderr":true,"stdout":"^"},"type":"ws_msg"}
{"payload":{"local_timestamp":1709369916908,"message_id":47,"stderr":true,"stdout":"^"},"type":"ws_msg"}
{"payload":{"local_timestamp":1709369916908,"message_id":48,"stderr":true,"stdout":"^"},"type":"ws_msg"}
{"payload":{"local_timestamp":1709369916908,"message_id":49,"stderr":true,"stdout":"^"},"type":"ws_msg"}
{"payload":{"local_timestamp":1709369916908,"message_id":50,"stderr":true,"stdout":"^"},"type":"ws_msg"}
{"payload":{"local_timestamp":1709369916908,"message_id":51,"stderr":true,"stdout":"^"},"type":"ws_msg"}
{"payload":{"local_timestamp":1709369916909,"message_id":52,"stderr":true,"stdout":"\n"},"type":"ws_msg"}
{"payload":{"local_timestamp":1709369916909,"message_id":53,"stderr":true,"stdout":"  File \"E:\\Ecofloater\\yolov5\\utils\\loggers\\__init__.py\", line 147, in __init__\n"},"type":"ws_msg"}
{"payload":{"local_timestamp":1709369916909,"message_id":54,"stderr":true,"stdout":"    "},"type":"ws_msg"}
{"payload":{"local_timestamp":1709369916909,"message_id":55,"stderr":true,"stdout":"self.comet_logger = CometLogger(self.opt, self.hyp)"},"type":"ws_msg"}
{"payload":{"local_timestamp":1709369916909,"message_id":56,"stderr":true,"stdout":"\n"},"type":"ws_msg"}
{"payload":{"local_timestamp":1709369916909,"message_id":57,"stderr":true,"stdout":" "},"type":"ws_msg"}
{"payload":{"local_timestamp":1709369916909,"message_id":58,"stderr":true,"stdout":" "},"type":"ws_msg"}
{"payload":{"local_timestamp":1709369916909,"message_id":59,"stderr":true,"stdout":" "},"type":"ws_msg"}
{"payload":{"local_timestamp":1709369916909,"message_id":60,"stderr":true,"stdout":" "},"type":"ws_msg"}
{"payload":{"local_timestamp":1709369916909,"message_id":61,"stderr":true,"stdout":" "},"type":"ws_msg"}
{"payload":{"local_timestamp":1709369916909,"message_id":62,"stderr":true,"stdout":" "},"type":"ws_msg"}
{"payload":{"local_timestamp":1709369916909,"message_id":63,"stderr":true,"stdout":" "},"type":"ws_msg"}
{"payload":{"local_timestamp":1709369916909,"message_id":64,"stderr":true,"stdout":" "},"type":"ws_msg"}
{"payload":{"local_timestamp":1709369916909,"message_id":65,"stderr":true,"stdout":" "},"type":"ws_msg"}
{"payload":{"local_timestamp":1709369916909,"message_id":66,"stderr":true,"stdout":" "},"type":"ws_msg"}
{"payload":{"local_timestamp":1709369916909,"message_id":67,"stderr":true,"stdout":" "},"type":"ws_msg"}
{"payload":{"local_timestamp":1709369916909,"message_id":68,"stderr":true,"stdout":" "},"type":"ws_msg"}
{"payload":{"local_timestamp":1709369916909,"message_id":69,"stderr":true,"stdout":" "},"type":"ws_msg"}
{"payload":{"local_timestamp":1709369916909,"message_id":70,"stderr":true,"stdout":" "},"type":"ws_msg"}
{"payload":{"local_timestamp":1709369916909,"message_id":71,"stderr":true,"stdout":" "},"type":"ws_msg"}
{"payload":{"local_timestamp":1709369916909,"message_id":72,"stderr":true,"stdout":" "},"type":"ws_msg"}
{"payload":{"local_timestamp":1709369916909,"message_id":73,"stderr":true,"stdout":" "},"type":"ws_msg"}
{"payload":{"local_timestamp":1709369916909,"message_id":74,"stderr":true,"stdout":" "},"type":"ws_msg"}
{"payload":{"local_timestamp":1709369916909,"message_id":75,"stderr":true,"stdout":" "},"type":"ws_msg"}
{"payload":{"local_timestamp":1709369916909,"message_id":76,"stderr":true,"stdout":" "},"type":"ws_msg"}
{"payload":{"local_timestamp":1709369916909,"message_id":77,"stderr":true,"stdout":" "},"type":"ws_msg"}
{"payload":{"local_timestamp":1709369916909,"message_id":78,"stderr":true,"stdout":" "},"type":"ws_msg"}
{"payload":{"local_timestamp":1709369916909,"message_id":79,"stderr":true,"stdout":" "},"type":"ws_msg"}
{"payload":{"local_timestamp":1709369916909,"message_id":80,"stderr":true,"stdout":" "},"type":"ws_msg"}
{"payload":{"local_timestamp":1709369916909,"message_id":81,"stderr":true,"stdout":"^"},"type":"ws_msg"}
{"payload":{"local_timestamp":1709369916909,"message_id":82,"stderr":true,"stdout":"^"},"type":"ws_msg"}
{"payload":{"local_timestamp":1709369916909,"message_id":83,"stderr":true,"stdout":"^"},"type":"ws_msg"}
{"payload":{"local_timestamp":1709369916909,"message_id":84,"stderr":true,"stdout":"^"},"type":"ws_msg"}
{"payload":{"local_timestamp":1709369916909,"message_id":85,"stderr":true,"stdout":"^"},"type":"ws_msg"}
{"payload":{"local_timestamp":1709369916909,"message_id":86,"stderr":true,"stdout":"^"},"type":"ws_msg"}
{"payload":{"local_timestamp":1709369916909,"message_id":87,"stderr":true,"stdout":"^"},"type":"ws_msg"}
{"payload":{"local_timestamp":1709369916909,"message_id":88,"stderr":true,"stdout":"^"},"type":"ws_msg"}
{"payload":{"local_timestamp":1709369916909,"message_id":89,"stderr":true,"stdout":"^"},"type":"ws_msg"}
{"payload":{"local_timestamp":1709369916909,"message_id":90,"stderr":true,"stdout":"^"},"type":"ws_msg"}
{"payload":{"local_timestamp":1709369916909,"message_id":91,"stderr":true,"stdout":"^"},"type":"ws_msg"}
{"payload":{"local_timestamp":1709369916909,"message_id":92,"stderr":true,"stdout":"^"},"type":"ws_msg"}
{"payload":{"local_timestamp":1709369916909,"message_id":93,"stderr":true,"stdout":"^"},"type":"ws_msg"}
{"payload":{"local_timestamp":1709369916909,"message_id":94,"stderr":true,"stdout":"^"},"type":"ws_msg"}
{"payload":{"local_timestamp":1709369916909,"message_id":95,"stderr":true,"stdout":"^"},"type":"ws_msg"}
{"payload":{"local_timestamp":1709369916909,"message_id":96,"stderr":true,"stdout":"^"},"type":"ws_msg"}
{"payload":{"local_timestamp":1709369916909,"message_id":97,"stderr":true,"stdout":"^"},"type":"ws_msg"}
{"payload":{"local_timestamp":1709369916909,"message_id":98,"stderr":true,"stdout":"^"},"type":"ws_msg"}
{"payload":{"local_timestamp":1709369916909,"message_id":99,"stderr":true,"stdout":"^"},"type":"ws_msg"}
{"payload":{"local_timestamp":1709369916909,"message_id":100,"stderr":true,"stdout":"^"},"type":"ws_msg"}
{"payload":{"local_timestamp":1709369916909,"message_id":101,"stderr":true,"stdout":"^"},"type":"ws_msg"}
{"payload":{"local_timestamp":1709369916909,"message_id":102,"stderr":true,"stdout":"^"},"type":"ws_msg"}
{"payload":{"local_timestamp":1709369916909,"message_id":103,"stderr":true,"stdout":"^"},"type":"ws_msg"}
{"payload":{"local_timestamp":1709369916909,"message_id":104,"stderr":true,"stdout":"^"},"type":"ws_msg"}
{"payload":{"local_timestamp":1709369916909,"message_id":105,"stderr":true,"stdout":"^"},"type":"ws_msg"}
{"payload":{"local_timestamp":1709369916909,"message_id":106,"stderr":true,"stdout":"^"},"type":"ws_msg"}
{"payload":{"local_timestamp":1709369916909,"message_id":107,"stderr":true,"stdout":"^"},"type":"ws_msg"}
{"payload":{"local_timestamp":1709369916909,"message_id":108,"stderr":true,"stdout":"^"},"type":"ws_msg"}
{"payload":{"local_timestamp":1709369916909,"message_id":109,"stderr":true,"stdout":"^"},"type":"ws_msg"}
{"payload":{"local_timestamp":1709369916909,"message_id":110,"stderr":true,"stdout":"^"},"type":"ws_msg"}
{"payload":{"local_timestamp":1709369916909,"message_id":111,"stderr":true,"stdout":"^"},"type":"ws_msg"}
{"payload":{"local_timestamp":1709369916909,"message_id":112,"stderr":true,"stdout":"\n"},"type":"ws_msg"}
{"payload":{"local_timestamp":1709369916913,"message_id":113,"stderr":true,"stdout":"  File \"E:\\Ecofloater\\yolov5\\utils\\loggers\\comet\\__init__.py\", line 97, in __init__\n"},"type":"ws_msg"}
{"payload":{"local_timestamp":1709369916915,"message_id":114,"stderr":true,"stdout":"    "},"type":"ws_msg"}
{"payload":{"local_timestamp":1709369916915,"message_id":115,"stderr":true,"stdout":"self.data_dict = self.check_dataset(self.opt.data)"},"type":"ws_msg"}
{"payload":{"local_timestamp":1709369916915,"message_id":116,"stderr":true,"stdout":"\n"},"type":"ws_msg"}
{"payload":{"local_timestamp":1709369916915,"message_id":117,"stderr":true,"stdout":" "},"type":"ws_msg"}
{"payload":{"local_timestamp":1709369916915,"message_id":118,"stderr":true,"stdout":" "},"type":"ws_msg"}
{"payload":{"local_timestamp":1709369916915,"message_id":119,"stderr":true,"stdout":" "},"type":"ws_msg"}
{"payload":{"local_timestamp":1709369916915,"message_id":120,"stderr":true,"stdout":" "},"type":"ws_msg"}
{"payload":{"local_timestamp":1709369916915,"message_id":121,"stderr":true,"stdout":" "},"type":"ws_msg"}
{"payload":{"local_timestamp":1709369916915,"message_id":122,"stderr":true,"stdout":" "},"type":"ws_msg"}
{"payload":{"local_timestamp":1709369916915,"message_id":123,"stderr":true,"stdout":" "},"type":"ws_msg"}
{"payload":{"local_timestamp":1709369916915,"message_id":124,"stderr":true,"stdout":" "},"type":"ws_msg"}
{"payload":{"local_timestamp":1709369916917,"message_id":125,"stderr":true,"stdout":" "},"type":"ws_msg"}
{"payload":{"local_timestamp":1709369916917,"message_id":126,"stderr":true,"stdout":" "},"type":"ws_msg"}
{"payload":{"local_timestamp":1709369916917,"message_id":127,"stderr":true,"stdout":" "},"type":"ws_msg"}
{"payload":{"local_timestamp":1709369916917,"message_id":128,"stderr":true,"stdout":" "},"type":"ws_msg"}
{"payload":{"local_timestamp":1709369916917,"message_id":129,"stderr":true,"stdout":" "},"type":"ws_msg"}
{"payload":{"local_timestamp":1709369916917,"message_id":130,"stderr":true,"stdout":" "},"type":"ws_msg"}
{"payload":{"local_timestamp":1709369916917,"message_id":131,"stderr":true,"stdout":" "},"type":"ws_msg"}
{"payload":{"local_timestamp":1709369916917,"message_id":132,"stderr":true,"stdout":" "},"type":"ws_msg"}
{"payload":{"local_timestamp":1709369916917,"message_id":133,"stderr":true,"stdout":" "},"type":"ws_msg"}
{"payload":{"local_timestamp":1709369916917,"message_id":134,"stderr":true,"stdout":" "},"type":"ws_msg"}
{"payload":{"local_timestamp":1709369916917,"message_id":135,"stderr":true,"stdout":" "},"type":"ws_msg"}
{"payload":{"local_timestamp":1709369916917,"message_id":136,"stderr":true,"stdout":" "},"type":"ws_msg"}
{"payload":{"local_timestamp":1709369916917,"message_id":137,"stderr":true,"stdout":" "},"type":"ws_msg"}
{"payload":{"local_timestamp":1709369916917,"message_id":138,"stderr":true,"stdout":"^"},"type":"ws_msg"}
{"payload":{"local_timestamp":1709369916917,"message_id":139,"stderr":true,"stdout":"^"},"type":"ws_msg"}
{"payload":{"local_timestamp":1709369916917,"message_id":140,"stderr":true,"stdout":"^"},"type":"ws_msg"}
{"payload":{"local_timestamp":1709369916917,"message_id":141,"stderr":true,"stdout":"^"},"type":"ws_msg"}
{"payload":{"local_timestamp":1709369916917,"message_id":142,"stderr":true,"stdout":"^"},"type":"ws_msg"}
{"payload":{"local_timestamp":1709369916917,"message_id":143,"stderr":true,"stdout":"^"},"type":"ws_msg"}
{"payload":{"local_timestamp":1709369916917,"message_id":144,"stderr":true,"stdout":"^"},"type":"ws_msg"}
{"payload":{"local_timestamp":1709369916917,"message_id":145,"stderr":true,"stdout":"^"},"type":"ws_msg"}
{"payload":{"local_timestamp":1709369916917,"message_id":146,"stderr":true,"stdout":"^"},"type":"ws_msg"}
{"payload":{"local_timestamp":1709369916917,"message_id":147,"stderr":true,"stdout":"^"},"type":"ws_msg"}
{"payload":{"local_timestamp":1709369916917,"message_id":148,"stderr":true,"stdout":"^"},"type":"ws_msg"}
{"payload":{"local_timestamp":1709369916917,"message_id":149,"stderr":true,"stdout":"^"},"type":"ws_msg"}
{"payload":{"local_timestamp":1709369916917,"message_id":150,"stderr":true,"stdout":"^"},"type":"ws_msg"}
{"payload":{"local_timestamp":1709369916917,"message_id":151,"stderr":true,"stdout":"^"},"type":"ws_msg"}
{"payload":{"local_timestamp":1709369916917,"message_id":152,"stderr":true,"stdout":"^"},"type":"ws_msg"}
{"payload":{"local_timestamp":1709369916917,"message_id":153,"stderr":true,"stdout":"^"},"type":"ws_msg"}
{"payload":{"local_timestamp":1709369916917,"message_id":154,"stderr":true,"stdout":"^"},"type":"ws_msg"}
{"payload":{"local_timestamp":1709369916917,"message_id":155,"stderr":true,"stdout":"^"},"type":"ws_msg"}
{"payload":{"local_timestamp":1709369916917,"message_id":156,"stderr":true,"stdout":"^"},"type":"ws_msg"}
{"payload":{"local_timestamp":1709369916917,"message_id":157,"stderr":true,"stdout":"^"},"type":"ws_msg"}
{"payload":{"local_timestamp":1709369916917,"message_id":158,"stderr":true,"stdout":"^"},"type":"ws_msg"}
{"payload":{"local_timestamp":1709369916917,"message_id":159,"stderr":true,"stdout":"^"},"type":"ws_msg"}
{"payload":{"local_timestamp":1709369916917,"message_id":160,"stderr":true,"stdout":"^"},"type":"ws_msg"}
{"payload":{"local_timestamp":1709369916917,"message_id":161,"stderr":true,"stdout":"^"},"type":"ws_msg"}
{"payload":{"local_timestamp":1709369916917,"message_id":162,"stderr":true,"stdout":"^"},"type":"ws_msg"}
{"payload":{"local_timestamp":1709369916917,"message_id":163,"stderr":true,"stdout":"^"},"type":"ws_msg"}
{"payload":{"local_timestamp":1709369916917,"message_id":164,"stderr":true,"stdout":"^"},"type":"ws_msg"}
{"payload":{"local_timestamp":1709369916917,"message_id":165,"stderr":true,"stdout":"^"},"type":"ws_msg"}
{"payload":{"local_timestamp":1709369916917,"message_id":166,"stderr":true,"stdout":"^"},"type":"ws_msg"}
{"payload":{"local_timestamp":1709369916917,"message_id":167,"stderr":true,"stdout":"^"},"type":"ws_msg"}
{"payload":{"local_timestamp":1709369916917,"message_id":168,"stderr":true,"stdout":"^"},"type":"ws_msg"}
{"payload":{"local_timestamp":1709369916917,"message_id":169,"stderr":true,"stdout":"^"},"type":"ws_msg"}
{"payload":{"local_timestamp":1709369916917,"message_id":170,"stderr":true,"stdout":"^"},"type":"ws_msg"}
{"payload":{"local_timestamp":1709369916917,"message_id":171,"stderr":true,"stdout":"\n"},"type":"ws_msg"}
{"payload":{"local_timestamp":1709369916917,"message_id":172,"stderr":true,"stdout":"  File \"E:\\Ecofloater\\yolov5\\utils\\loggers\\comet\\__init__.py\", line 247, in check_dataset\n"},"type":"ws_msg"}
{"payload":{"local_timestamp":1709369916919,"message_id":173,"stderr":true,"stdout":"    "},"type":"ws_msg"}
{"payload":{"local_timestamp":1709369916919,"message_id":174,"stderr":true,"stdout":"data_config = yaml.safe_load(f)"},"type":"ws_msg"}
{"payload":{"local_timestamp":1709369916919,"message_id":175,"stderr":true,"stdout":"\n"},"type":"ws_msg"}
{"payload":{"local_timestamp":1709369916919,"message_id":176,"stderr":true,"stdout":" "},"type":"ws_msg"}
{"payload":{"local_timestamp":1709369916919,"message_id":177,"stderr":true,"stdout":" "},"type":"ws_msg"}
{"payload":{"local_timestamp":1709369916919,"message_id":178,"stderr":true,"stdout":" "},"type":"ws_msg"}
{"payload":{"local_timestamp":1709369916919,"message_id":179,"stderr":true,"stdout":" "},"type":"ws_msg"}
{"payload":{"local_timestamp":1709369916919,"message_id":180,"stderr":true,"stdout":" "},"type":"ws_msg"}
{"payload":{"local_timestamp":1709369916919,"message_id":181,"stderr":true,"stdout":" "},"type":"ws_msg"}
{"payload":{"local_timestamp":1709369916919,"message_id":182,"stderr":true,"stdout":" "},"type":"ws_msg"}
{"payload":{"local_timestamp":1709369916919,"message_id":183,"stderr":true,"stdout":" "},"type":"ws_msg"}
{"payload":{"local_timestamp":1709369916919,"message_id":184,"stderr":true,"stdout":" "},"type":"ws_msg"}
{"payload":{"local_timestamp":1709369916919,"message_id":185,"stderr":true,"stdout":" "},"type":"ws_msg"}
{"payload":{"local_timestamp":1709369916919,"message_id":186,"stderr":true,"stdout":" "},"type":"ws_msg"}
{"payload":{"local_timestamp":1709369916919,"message_id":187,"stderr":true,"stdout":" "},"type":"ws_msg"}
{"payload":{"local_timestamp":1709369916919,"message_id":188,"stderr":true,"stdout":" "},"type":"ws_msg"}
{"payload":{"local_timestamp":1709369916920,"message_id":189,"stderr":true,"stdout":" "},"type":"ws_msg"}
{"payload":{"local_timestamp":1709369916920,"message_id":190,"stderr":true,"stdout":" "},"type":"ws_msg"}
{"payload":{"local_timestamp":1709369916920,"message_id":191,"stderr":true,"stdout":" "},"type":"ws_msg"}
{"payload":{"local_timestamp":1709369916920,"message_id":192,"stderr":true,"stdout":" "},"type":"ws_msg"}
{"payload":{"local_timestamp":1709369916920,"message_id":193,"stderr":true,"stdout":" "},"type":"ws_msg"}
{"payload":{"local_timestamp":1709369916920,"message_id":194,"stderr":true,"stdout":"^"},"type":"ws_msg"}
{"payload":{"local_timestamp":1709369916920,"message_id":195,"stderr":true,"stdout":"^"},"type":"ws_msg"}
{"payload":{"local_timestamp":1709369916920,"message_id":196,"stderr":true,"stdout":"^"},"type":"ws_msg"}
{"payload":{"local_timestamp":1709369916920,"message_id":197,"stderr":true,"stdout":"^"},"type":"ws_msg"}
{"payload":{"local_timestamp":1709369916920,"message_id":198,"stderr":true,"stdout":"^"},"type":"ws_msg"}
{"payload":{"local_timestamp":1709369916920,"message_id":199,"stderr":true,"stdout":"^"},"type":"ws_msg"}
{"payload":{"local_timestamp":1709369916920,"message_id":200,"stderr":true,"stdout":"^"},"type":"ws_msg"}
{"payload":{"local_timestamp":1709369916920,"message_id":201,"stderr":true,"stdout":"^"},"type":"ws_msg"}
{"payload":{"local_timestamp":1709369916920,"message_id":202,"stderr":true,"stdout":"^"},"type":"ws_msg"}
{"payload":{"local_timestamp":1709369916920,"message_id":203,"stderr":true,"stdout":"^"},"type":"ws_msg"}
{"payload":{"local_timestamp":1709369916920,"message_id":204,"stderr":true,"stdout":"^"},"type":"ws_msg"}
{"payload":{"local_timestamp":1709369916920,"message_id":205,"stderr":true,"stdout":"^"},"type":"ws_msg"}
{"payload":{"local_timestamp":1709369916920,"message_id":206,"stderr":true,"stdout":"^"},"type":"ws_msg"}
{"payload":{"local_timestamp":1709369916920,"message_id":207,"stderr":true,"stdout":"^"},"type":"ws_msg"}
{"payload":{"local_timestamp":1709369916920,"message_id":208,"stderr":true,"stdout":"^"},"type":"ws_msg"}
{"payload":{"local_timestamp":1709369916920,"message_id":209,"stderr":true,"stdout":"^"},"type":"ws_msg"}
{"payload":{"local_timestamp":1709369916920,"message_id":210,"stderr":true,"stdout":"^"},"type":"ws_msg"}
{"payload":{"local_timestamp":1709369916920,"message_id":211,"stderr":true,"stdout":"\n"},"type":"ws_msg"}
{"payload":{"local_timestamp":1709369916920,"message_id":212,"stderr":true,"stdout":"  File \"e:\\Ecofloater\\.venv\\Lib\\site-packages\\yaml\\__init__.py\", line 125, in safe_load\n"},"type":"ws_msg"}
{"payload":{"local_timestamp":1709369916922,"message_id":213,"stderr":true,"stdout":"    "},"type":"ws_msg"}
{"payload":{"local_timestamp":1709369916922,"message_id":214,"stderr":true,"stdout":"return load(stream, SafeLoader)"},"type":"ws_msg"}
{"payload":{"local_timestamp":1709369916922,"message_id":215,"stderr":true,"stdout":"\n"},"type":"ws_msg"}
{"payload":{"local_timestamp":1709369916922,"message_id":216,"stderr":true,"stdout":" "},"type":"ws_msg"}
{"payload":{"local_timestamp":1709369916922,"message_id":217,"stderr":true,"stdout":" "},"type":"ws_msg"}
{"payload":{"local_timestamp":1709369916922,"message_id":218,"stderr":true,"stdout":" "},"type":"ws_msg"}
{"payload":{"local_timestamp":1709369916922,"message_id":219,"stderr":true,"stdout":" "},"type":"ws_msg"}
{"payload":{"local_timestamp":1709369916922,"message_id":220,"stderr":true,"stdout":" "},"type":"ws_msg"}
{"payload":{"local_timestamp":1709369916922,"message_id":221,"stderr":true,"stdout":" "},"type":"ws_msg"}
{"payload":{"local_timestamp":1709369916922,"message_id":222,"stderr":true,"stdout":" "},"type":"ws_msg"}
{"payload":{"local_timestamp":1709369916922,"message_id":223,"stderr":true,"stdout":" "},"type":"ws_msg"}
{"payload":{"local_timestamp":1709369916922,"message_id":224,"stderr":true,"stdout":" "},"type":"ws_msg"}
{"payload":{"local_timestamp":1709369916922,"message_id":225,"stderr":true,"stdout":" "},"type":"ws_msg"}
{"payload":{"local_timestamp":1709369916922,"message_id":226,"stderr":true,"stdout":" "},"type":"ws_msg"}
{"payload":{"local_timestamp":1709369916922,"message_id":227,"stderr":true,"stdout":"^"},"type":"ws_msg"}
{"payload":{"local_timestamp":1709369916922,"message_id":228,"stderr":true,"stdout":"^"},"type":"ws_msg"}
{"payload":{"local_timestamp":1709369916922,"message_id":229,"stderr":true,"stdout":"^"},"type":"ws_msg"}
{"payload":{"local_timestamp":1709369916922,"message_id":230,"stderr":true,"stdout":"^"},"type":"ws_msg"}
{"payload":{"local_timestamp":1709369916922,"message_id":231,"stderr":true,"stdout":"^"},"type":"ws_msg"}
{"payload":{"local_timestamp":1709369916922,"message_id":232,"stderr":true,"stdout":"^"},"type":"ws_msg"}
{"payload":{"local_timestamp":1709369916922,"message_id":233,"stderr":true,"stdout":"^"},"type":"ws_msg"}
{"payload":{"local_timestamp":1709369916922,"message_id":234,"stderr":true,"stdout":"^"},"type":"ws_msg"}
{"payload":{"local_timestamp":1709369916922,"message_id":235,"stderr":true,"stdout":"^"},"type":"ws_msg"}
{"payload":{"local_timestamp":1709369916922,"message_id":236,"stderr":true,"stdout":"^"},"type":"ws_msg"}
{"payload":{"local_timestamp":1709369916922,"message_id":237,"stderr":true,"stdout":"^"},"type":"ws_msg"}
{"payload":{"local_timestamp":1709369916922,"message_id":238,"stderr":true,"stdout":"^"},"type":"ws_msg"}
{"payload":{"local_timestamp":1709369916922,"message_id":239,"stderr":true,"stdout":"^"},"type":"ws_msg"}
{"payload":{"local_timestamp":1709369916922,"message_id":240,"stderr":true,"stdout":"^"},"type":"ws_msg"}
{"payload":{"local_timestamp":1709369916922,"message_id":241,"stderr":true,"stdout":"^"},"type":"ws_msg"}
{"payload":{"local_timestamp":1709369916922,"message_id":242,"stderr":true,"stdout":"^"},"type":"ws_msg"}
{"payload":{"local_timestamp":1709369916922,"message_id":243,"stderr":true,"stdout":"^"},"type":"ws_msg"}
{"payload":{"local_timestamp":1709369916922,"message_id":244,"stderr":true,"stdout":"^"},"type":"ws_msg"}
{"payload":{"local_timestamp":1709369916922,"message_id":245,"stderr":true,"stdout":"^"},"type":"ws_msg"}
{"payload":{"local_timestamp":1709369916922,"message_id":246,"stderr":true,"stdout":"^"},"type":"ws_msg"}
{"payload":{"local_timestamp":1709369916922,"message_id":247,"stderr":true,"stdout":"^"},"type":"ws_msg"}
{"payload":{"local_timestamp":1709369916922,"message_id":248,"stderr":true,"stdout":"^"},"type":"ws_msg"}
{"payload":{"local_timestamp":1709369916922,"message_id":249,"stderr":true,"stdout":"^"},"type":"ws_msg"}
{"payload":{"local_timestamp":1709369916922,"message_id":250,"stderr":true,"stdout":"^"},"type":"ws_msg"}
{"payload":{"local_timestamp":1709369916923,"message_id":251,"stderr":true,"stdout":"\n"},"type":"ws_msg"}
{"payload":{"local_timestamp":1709369916924,"message_id":252,"stderr":true,"stdout":"  File \"e:\\Ecofloater\\.venv\\Lib\\site-packages\\yaml\\__init__.py\", line 79, in load\n"},"type":"ws_msg"}
{"payload":{"local_timestamp":1709369916925,"message_id":253,"stderr":true,"stdout":"    "},"type":"ws_msg"}
{"payload":{"local_timestamp":1709369916925,"message_id":254,"stderr":true,"stdout":"loader = Loader(stream)"},"type":"ws_msg"}
{"payload":{"local_timestamp":1709369916925,"message_id":255,"stderr":true,"stdout":"\n"},"type":"ws_msg"}
{"payload":{"local_timestamp":1709369916925,"message_id":256,"stderr":true,"stdout":" "},"type":"ws_msg"}
{"payload":{"local_timestamp":1709369916925,"message_id":257,"stderr":true,"stdout":" "},"type":"ws_msg"}
{"payload":{"local_timestamp":1709369916925,"message_id":258,"stderr":true,"stdout":" "},"type":"ws_msg"}
{"payload":{"local_timestamp":1709369916925,"message_id":259,"stderr":true,"stdout":" "},"type":"ws_msg"}
{"payload":{"local_timestamp":1709369916925,"message_id":260,"stderr":true,"stdout":" "},"type":"ws_msg"}
{"payload":{"local_timestamp":1709369916925,"message_id":261,"stderr":true,"stdout":" "},"type":"ws_msg"}
{"payload":{"local_timestamp":1709369916925,"message_id":262,"stderr":true,"stdout":" "},"type":"ws_msg"}
{"payload":{"local_timestamp":1709369916925,"message_id":263,"stderr":true,"stdout":" "},"type":"ws_msg"}
{"payload":{"local_timestamp":1709369916925,"message_id":264,"stderr":true,"stdout":" "},"type":"ws_msg"}
{"payload":{"local_timestamp":1709369916925,"message_id":265,"stderr":true,"stdout":" "},"type":"ws_msg"}
{"payload":{"local_timestamp":1709369916925,"message_id":266,"stderr":true,"stdout":" "},"type":"ws_msg"}
{"payload":{"local_timestamp":1709369916925,"message_id":267,"stderr":true,"stdout":" "},"type":"ws_msg"}
{"payload":{"local_timestamp":1709369916925,"message_id":268,"stderr":true,"stdout":" "},"type":"ws_msg"}
{"payload":{"local_timestamp":1709369916925,"message_id":269,"stderr":true,"stdout":"^"},"type":"ws_msg"}
{"payload":{"local_timestamp":1709369916925,"message_id":270,"stderr":true,"stdout":"^"},"type":"ws_msg"}
{"payload":{"local_timestamp":1709369916925,"message_id":271,"stderr":true,"stdout":"^"},"type":"ws_msg"}
{"payload":{"local_timestamp":1709369916925,"message_id":272,"stderr":true,"stdout":"^"},"type":"ws_msg"}
{"payload":{"local_timestamp":1709369916925,"message_id":273,"stderr":true,"stdout":"^"},"type":"ws_msg"}
{"payload":{"local_timestamp":1709369916925,"message_id":274,"stderr":true,"stdout":"^"},"type":"ws_msg"}
{"payload":{"local_timestamp":1709369916925,"message_id":275,"stderr":true,"stdout":"^"},"type":"ws_msg"}
{"payload":{"local_timestamp":1709369916925,"message_id":276,"stderr":true,"stdout":"^"},"type":"ws_msg"}
{"payload":{"local_timestamp":1709369916925,"message_id":277,"stderr":true,"stdout":"^"},"type":"ws_msg"}
{"payload":{"local_timestamp":1709369916925,"message_id":278,"stderr":true,"stdout":"^"},"type":"ws_msg"}
{"payload":{"local_timestamp":1709369916925,"message_id":279,"stderr":true,"stdout":"^"},"type":"ws_msg"}
{"payload":{"local_timestamp":1709369916925,"message_id":280,"stderr":true,"stdout":"^"},"type":"ws_msg"}
{"payload":{"local_timestamp":1709369916925,"message_id":281,"stderr":true,"stdout":"^"},"type":"ws_msg"}
{"payload":{"local_timestamp":1709369916925,"message_id":282,"stderr":true,"stdout":"^"},"type":"ws_msg"}
{"payload":{"local_timestamp":1709369916925,"message_id":283,"stderr":true,"stdout":"\n"},"type":"ws_msg"}
{"payload":{"local_timestamp":1709369916926,"message_id":284,"stderr":true,"stdout":"  File \"e:\\Ecofloater\\.venv\\Lib\\site-packages\\yaml\\loader.py\", line 34, in __init__\n"},"type":"ws_msg"}
{"payload":{"local_timestamp":1709369916927,"message_id":285,"stderr":true,"stdout":"    "},"type":"ws_msg"}
{"payload":{"local_timestamp":1709369916927,"message_id":286,"stderr":true,"stdout":"Reader.__init__(self, stream)"},"type":"ws_msg"}
{"payload":{"local_timestamp":1709369916927,"message_id":287,"stderr":true,"stdout":"\n"},"type":"ws_msg"}
{"payload":{"local_timestamp":1709369916931,"message_id":288,"stderr":true,"stdout":"  File \"e:\\Ecofloater\\.venv\\Lib\\site-packages\\yaml\\reader.py\", line 85, in __init__\n"},"type":"ws_msg"}
{"payload":{"local_timestamp":1709369916931,"message_id":289,"stderr":true,"stdout":"    "},"type":"ws_msg"}
{"payload":{"local_timestamp":1709369916931,"message_id":290,"stderr":true,"stdout":"self.determine_encoding()"},"type":"ws_msg"}
{"payload":{"local_timestamp":1709369916931,"message_id":291,"stderr":true,"stdout":"\n"},"type":"ws_msg"}
{"payload":{"local_timestamp":1709369916931,"message_id":292,"stderr":true,"stdout":"  File \"e:\\Ecofloater\\.venv\\Lib\\site-packages\\yaml\\reader.py\", line 124, in determine_encoding\n"},"type":"ws_msg"}
{"payload":{"local_timestamp":1709369916934,"message_id":293,"stderr":true,"stdout":"    "},"type":"ws_msg"}
{"payload":{"local_timestamp":1709369916934,"message_id":294,"stderr":true,"stdout":"self.update_raw()"},"type":"ws_msg"}
{"payload":{"local_timestamp":1709369916934,"message_id":295,"stderr":true,"stdout":"\n"},"type":"ws_msg"}
{"payload":{"local_timestamp":1709369916934,"message_id":296,"stderr":true,"stdout":"  File \"e:\\Ecofloater\\.venv\\Lib\\site-packages\\yaml\\reader.py\", line 178, in update_raw\n"},"type":"ws_msg"}
{"payload":{"local_timestamp":1709369916938,"message_id":297,"stderr":true,"stdout":"    "},"type":"ws_msg"}
{"payload":{"local_timestamp":1709369916938,"message_id":298,"stderr":true,"stdout":"data = self.stream.read(size)"},"type":"ws_msg"}
{"payload":{"local_timestamp":1709369916939,"message_id":299,"stderr":true,"stdout":"\n"},"type":"ws_msg"}
{"payload":{"local_timestamp":1709369916939,"message_id":300,"stderr":true,"stdout":" "},"type":"ws_msg"}
{"payload":{"local_timestamp":1709369916939,"message_id":301,"stderr":true,"stdout":" "},"type":"ws_msg"}
{"payload":{"local_timestamp":1709369916939,"message_id":302,"stderr":true,"stdout":" "},"type":"ws_msg"}
{"payload":{"local_timestamp":1709369916939,"message_id":303,"stderr":true,"stdout":" "},"type":"ws_msg"}
{"payload":{"local_timestamp":1709369916939,"message_id":304,"stderr":true,"stdout":" "},"type":"ws_msg"}
{"payload":{"local_timestamp":1709369916939,"message_id":305,"stderr":true,"stdout":" "},"type":"ws_msg"}
{"payload":{"local_timestamp":1709369916939,"message_id":306,"stderr":true,"stdout":" "},"type":"ws_msg"}
{"payload":{"local_timestamp":1709369916939,"message_id":307,"stderr":true,"stdout":" "},"type":"ws_msg"}
{"payload":{"local_timestamp":1709369916939,"message_id":308,"stderr":true,"stdout":" "},"type":"ws_msg"}
{"payload":{"local_timestamp":1709369916939,"message_id":309,"stderr":true,"stdout":" "},"type":"ws_msg"}
{"payload":{"local_timestamp":1709369916939,"message_id":310,"stderr":true,"stdout":" "},"type":"ws_msg"}
{"payload":{"local_timestamp":1709369916939,"message_id":311,"stderr":true,"stdout":"^"},"type":"ws_msg"}
{"payload":{"local_timestamp":1709369916939,"message_id":312,"stderr":true,"stdout":"^"},"type":"ws_msg"}
{"payload":{"local_timestamp":1709369916939,"message_id":313,"stderr":true,"stdout":"^"},"type":"ws_msg"}
{"payload":{"local_timestamp":1709369916939,"message_id":314,"stderr":true,"stdout":"^"},"type":"ws_msg"}
{"payload":{"local_timestamp":1709369916939,"message_id":315,"stderr":true,"stdout":"^"},"type":"ws_msg"}
{"payload":{"local_timestamp":1709369916939,"message_id":316,"stderr":true,"stdout":"^"},"type":"ws_msg"}
{"payload":{"local_timestamp":1709369916939,"message_id":317,"stderr":true,"stdout":"^"},"type":"ws_msg"}
{"payload":{"local_timestamp":1709369916939,"message_id":318,"stderr":true,"stdout":"^"},"type":"ws_msg"}
{"payload":{"local_timestamp":1709369916939,"message_id":319,"stderr":true,"stdout":"^"},"type":"ws_msg"}
{"payload":{"local_timestamp":1709369916939,"message_id":320,"stderr":true,"stdout":"^"},"type":"ws_msg"}
{"payload":{"local_timestamp":1709369916939,"message_id":321,"stderr":true,"stdout":"^"},"type":"ws_msg"}
{"payload":{"local_timestamp":1709369916939,"message_id":322,"stderr":true,"stdout":"^"},"type":"ws_msg"}
{"payload":{"local_timestamp":1709369916939,"message_id":323,"stderr":true,"stdout":"^"},"type":"ws_msg"}
{"payload":{"local_timestamp":1709369916939,"message_id":324,"stderr":true,"stdout":"^"},"type":"ws_msg"}
{"payload":{"local_timestamp":1709369916939,"message_id":325,"stderr":true,"stdout":"^"},"type":"ws_msg"}
{"payload":{"local_timestamp":1709369916939,"message_id":326,"stderr":true,"stdout":"^"},"type":"ws_msg"}
{"payload":{"local_timestamp":1709369916939,"message_id":327,"stderr":true,"stdout":"^"},"type":"ws_msg"}
{"payload":{"local_timestamp":1709369916939,"message_id":328,"stderr":true,"stdout":"^"},"type":"ws_msg"}
{"payload":{"local_timestamp":1709369916939,"message_id":329,"stderr":true,"stdout":"^"},"type":"ws_msg"}
{"payload":{"local_timestamp":1709369916939,"message_id":330,"stderr":true,"stdout":"^"},"type":"ws_msg"}
{"payload":{"local_timestamp":1709369916939,"message_id":331,"stderr":true,"stdout":"^"},"type":"ws_msg"}
{"payload":{"local_timestamp":1709369916939,"message_id":332,"stderr":true,"stdout":"^"},"type":"ws_msg"}
{"payload":{"local_timestamp":1709369916939,"message_id":333,"stderr":true,"stdout":"\n"},"type":"ws_msg"}
{"payload":{"local_timestamp":1709369916939,"message_id":334,"stderr":true,"stdout":"  File \"e:\\Python\\Lib\\encodings\\cp1252.py\", line 23, in decode\n"},"type":"ws_msg"}
{"payload":{"local_timestamp":1709369916940,"message_id":335,"stderr":true,"stdout":"    "},"type":"ws_msg"}
{"payload":{"local_timestamp":1709369916940,"message_id":336,"stderr":true,"stdout":"return codecs.charmap_decode(input,self.errors,decoding_table)[0]"},"type":"ws_msg"}
{"payload":{"local_timestamp":1709369916943,"message_id":337,"stderr":true,"stdout":"\n"},"type":"ws_msg"}
{"payload":{"local_timestamp":1709369916943,"message_id":338,"stderr":true,"stdout":" "},"type":"ws_msg"}
{"payload":{"local_timestamp":1709369916943,"message_id":339,"stderr":true,"stdout":" "},"type":"ws_msg"}
{"payload":{"local_timestamp":1709369916943,"message_id":340,"stderr":true,"stdout":" "},"type":"ws_msg"}
{"payload":{"local_timestamp":1709369916943,"message_id":341,"stderr":true,"stdout":" "},"type":"ws_msg"}
{"payload":{"local_timestamp":1709369916943,"message_id":342,"stderr":true,"stdout":" "},"type":"ws_msg"}
{"payload":{"local_timestamp":1709369916943,"message_id":343,"stderr":true,"stdout":" "},"type":"ws_msg"}
{"payload":{"local_timestamp":1709369916943,"message_id":344,"stderr":true,"stdout":" "},"type":"ws_msg"}
{"payload":{"local_timestamp":1709369916943,"message_id":345,"stderr":true,"stdout":" "},"type":"ws_msg"}
{"payload":{"local_timestamp":1709369916943,"message_id":346,"stderr":true,"stdout":" "},"type":"ws_msg"}
{"payload":{"local_timestamp":1709369916943,"message_id":347,"stderr":true,"stdout":" "},"type":"ws_msg"}
{"payload":{"local_timestamp":1709369916943,"message_id":348,"stderr":true,"stdout":" "},"type":"ws_msg"}
{"payload":{"local_timestamp":1709369916943,"message_id":349,"stderr":true,"stdout":"^"},"type":"ws_msg"}
{"payload":{"local_timestamp":1709369916943,"message_id":350,"stderr":true,"stdout":"^"},"type":"ws_msg"}
{"payload":{"local_timestamp":1709369916943,"message_id":351,"stderr":true,"stdout":"^"},"type":"ws_msg"}
{"payload":{"local_timestamp":1709369916943,"message_id":352,"stderr":true,"stdout":"^"},"type":"ws_msg"}
{"payload":{"local_timestamp":1709369916943,"message_id":353,"stderr":true,"stdout":"^"},"type":"ws_msg"}
{"payload":{"local_timestamp":1709369916943,"message_id":354,"stderr":true,"stdout":"^"},"type":"ws_msg"}
{"payload":{"local_timestamp":1709369916943,"message_id":355,"stderr":true,"stdout":"^"},"type":"ws_msg"}
{"payload":{"local_timestamp":1709369916943,"message_id":356,"stderr":true,"stdout":"^"},"type":"ws_msg"}
{"payload":{"local_timestamp":1709369916943,"message_id":357,"stderr":true,"stdout":"^"},"type":"ws_msg"}
{"payload":{"local_timestamp":1709369916943,"message_id":358,"stderr":true,"stdout":"^"},"type":"ws_msg"}
{"payload":{"local_timestamp":1709369916943,"message_id":359,"stderr":true,"stdout":"^"},"type":"ws_msg"}
{"payload":{"local_timestamp":1709369916943,"message_id":360,"stderr":true,"stdout":"^"},"type":"ws_msg"}
{"payload":{"local_timestamp":1709369916943,"message_id":361,"stderr":true,"stdout":"^"},"type":"ws_msg"}
{"payload":{"local_timestamp":1709369916943,"message_id":362,"stderr":true,"stdout":"^"},"type":"ws_msg"}
{"payload":{"local_timestamp":1709369916943,"message_id":363,"stderr":true,"stdout":"^"},"type":"ws_msg"}
{"payload":{"local_timestamp":1709369916943,"message_id":364,"stderr":true,"stdout":"^"},"type":"ws_msg"}
{"payload":{"local_timestamp":1709369916943,"message_id":365,"stderr":true,"stdout":"^"},"type":"ws_msg"}
{"payload":{"local_timestamp":1709369916943,"message_id":366,"stderr":true,"stdout":"^"},"type":"ws_msg"}
{"payload":{"local_timestamp":1709369916943,"message_id":367,"stderr":true,"stdout":"^"},"type":"ws_msg"}
{"payload":{"local_timestamp":1709369916943,"message_id":368,"stderr":true,"stdout":"^"},"type":"ws_msg"}
{"payload":{"local_timestamp":1709369916943,"message_id":369,"stderr":true,"stdout":"^"},"type":"ws_msg"}
{"payload":{"local_timestamp":1709369916943,"message_id":370,"stderr":true,"stdout":"^"},"type":"ws_msg"}
{"payload":{"local_timestamp":1709369916943,"message_id":371,"stderr":true,"stdout":"^"},"type":"ws_msg"}
{"payload":{"local_timestamp":1709369916943,"message_id":372,"stderr":true,"stdout":"^"},"type":"ws_msg"}
{"payload":{"local_timestamp":1709369916943,"message_id":373,"stderr":true,"stdout":"^"},"type":"ws_msg"}
{"payload":{"local_timestamp":1709369916943,"message_id":374,"stderr":true,"stdout":"^"},"type":"ws_msg"}
{"payload":{"local_timestamp":1709369916943,"message_id":375,"stderr":true,"stdout":"^"},"type":"ws_msg"}
{"payload":{"local_timestamp":1709369916943,"message_id":376,"stderr":true,"stdout":"^"},"type":"ws_msg"}
{"payload":{"local_timestamp":1709369916943,"message_id":377,"stderr":true,"stdout":"^"},"type":"ws_msg"}
{"payload":{"local_timestamp":1709369916943,"message_id":378,"stderr":true,"stdout":"^"},"type":"ws_msg"}
{"payload":{"local_timestamp":1709369916943,"message_id":379,"stderr":true,"stdout":"^"},"type":"ws_msg"}
{"payload":{"local_timestamp":1709369916943,"message_id":380,"stderr":true,"stdout":"^"},"type":"ws_msg"}
{"payload":{"local_timestamp":1709369916943,"message_id":381,"stderr":true,"stdout":"^"},"type":"ws_msg"}
{"payload":{"local_timestamp":1709369916943,"message_id":382,"stderr":true,"stdout":"^"},"type":"ws_msg"}
{"payload":{"local_timestamp":1709369916943,"message_id":383,"stderr":true,"stdout":"^"},"type":"ws_msg"}
{"payload":{"local_timestamp":1709369916943,"message_id":384,"stderr":true,"stdout":"^"},"type":"ws_msg"}
{"payload":{"local_timestamp":1709369916943,"message_id":385,"stderr":true,"stdout":"^"},"type":"ws_msg"}
{"payload":{"local_timestamp":1709369916943,"message_id":386,"stderr":true,"stdout":"^"},"type":"ws_msg"}
{"payload":{"local_timestamp":1709369916943,"message_id":387,"stderr":true,"stdout":"^"},"type":"ws_msg"}
{"payload":{"local_timestamp":1709369916943,"message_id":388,"stderr":true,"stdout":"^"},"type":"ws_msg"}
{"payload":{"local_timestamp":1709369916943,"message_id":389,"stderr":true,"stdout":"^"},"type":"ws_msg"}
{"payload":{"local_timestamp":1709369916943,"message_id":390,"stderr":true,"stdout":"^"},"type":"ws_msg"}
{"payload":{"local_timestamp":1709369916943,"message_id":391,"stderr":true,"stdout":"^"},"type":"ws_msg"}
{"payload":{"local_timestamp":1709369916943,"message_id":392,"stderr":true,"stdout":"^"},"type":"ws_msg"}
{"payload":{"local_timestamp":1709369916943,"message_id":393,"stderr":true,"stdout":"^"},"type":"ws_msg"}
{"payload":{"local_timestamp":1709369916943,"message_id":394,"stderr":true,"stdout":"^"},"type":"ws_msg"}
{"payload":{"local_timestamp":1709369916943,"message_id":395,"stderr":true,"stdout":"^"},"type":"ws_msg"}
{"payload":{"local_timestamp":1709369916943,"message_id":396,"stderr":true,"stdout":"^"},"type":"ws_msg"}
{"payload":{"local_timestamp":1709369916943,"message_id":397,"stderr":true,"stdout":"^"},"type":"ws_msg"}
{"payload":{"local_timestamp":1709369916943,"message_id":398,"stderr":true,"stdout":"^"},"type":"ws_msg"}
{"payload":{"local_timestamp":1709369916943,"message_id":399,"stderr":true,"stdout":"^"},"type":"ws_msg"}
{"payload":{"local_timestamp":1709369916943,"message_id":400,"stderr":true,"stdout":"^"},"type":"ws_msg"}
{"payload":{"local_timestamp":1709369916943,"message_id":401,"stderr":true,"stdout":"^"},"type":"ws_msg"}
{"payload":{"local_timestamp":1709369916943,"message_id":402,"stderr":true,"stdout":"^"},"type":"ws_msg"}
{"payload":{"local_timestamp":1709369916943,"message_id":403,"stderr":true,"stdout":"^"},"type":"ws_msg"}
{"payload":{"local_timestamp":1709369916943,"message_id":404,"stderr":true,"stdout":"\n"},"type":"ws_msg"}
{"payload":{"local_timestamp":1709369916943,"message_id":405,"stderr":true,"stdout":"UnicodeDecodeError"},"type":"ws_msg"}
{"payload":{"local_timestamp":1709369916943,"message_id":406,"stderr":true,"stdout":": "},"type":"ws_msg"}
{"payload":{"local_timestamp":1709369916943,"message_id":407,"stderr":true,"stdout":"'charmap' codec can't decode byte 0x90 in position 297: character maps to <undefined>"},"type":"ws_msg"}
{"payload":{"local_timestamp":1709369916943,"message_id":408,"stderr":true,"stdout":"\n"},"type":"ws_msg"}
{"payload":{"local_timestamp":1709369917003,"message_id":409,"metric":{"epoch":null,"metricName":"sys.cpu.percent.avg","metricValue":0.0,"step":null}},"type":"metric_msg"}
{"payload":{"local_timestamp":1709369917003,"message_id":410,"metric":{"epoch":null,"metricName":"sys.ram.total","metricValue":8259358720,"step":null}},"type":"metric_msg"}
{"payload":{"local_timestamp":1709369917003,"message_id":411,"metric":{"epoch":null,"metricName":"sys.ram.used","metricValue":7647453184,"step":null}},"type":"metric_msg"}
{"payload":{"local_timestamp":1709369917003,"message_id":412,"metric":{"epoch":null,"metricName":"sys.ram.available","metricValue":611905536,"step":null}},"type":"metric_msg"}
{"payload":{"local_timestamp":1709369917003,"message_id":413,"metric":{"epoch":null,"metricName":"sys.ram.percent.used","metricValue":92.6,"step":null}},"type":"metric_msg"}
{"payload":{"local_timestamp":1709369917003,"message_id":414,"metric":{"epoch":null,"metricName":"sys.load.avg","metricValue":0.08,"step":null}},"type":"metric_msg"}
{"payload":{"git_meta":{"branch":"refs/heads/master","origin":"https://github.com/ultralytics/yolov5","parent":"b939236170e48c9ea11c01d0b0c587fe1867d701","repo_name":"yolov5","root":"1e84a23f38fad9e52b59101e9f1246d93066ed1e","status":null,"user":"Aruthra-C"},"local_timestamp":1709369917214,"message_id":415},"type":"ws_msg"}
{"payload":{"local_timestamp":1709369917223,"message_id":416,"stderr":true,"stdout":"\u001b[1;38;5;39mCOMET INFO:\u001b[0m ---------------------------------------------------------------------------------------\n"},"type":"ws_msg"}
{"payload":{"local_timestamp":1709369917223,"message_id":417,"stderr":true,"stdout":"\u001b[1;38;5;39mCOMET INFO:\u001b[0m Comet.ml OfflineExperiment Summary\n"},"type":"ws_msg"}
{"payload":{"local_timestamp":1709369917223,"message_id":418,"stderr":true,"stdout":"\u001b[1;38;5;39mCOMET INFO:\u001b[0m ---------------------------------------------------------------------------------------\n"},"type":"ws_msg"}
{"payload":{"local_timestamp":1709369917223,"message_id":419,"stderr":true,"stdout":"\u001b[1;38;5;39mCOMET INFO:\u001b[0m   Data:\n"},"type":"ws_msg"}
{"payload":{"local_timestamp":1709369917223,"message_id":420,"stderr":true,"stdout":"\u001b[1;38;5;39mCOMET INFO:\u001b[0m     display_summary_level : 1\n"},"type":"ws_msg"}
{"payload":{"local_timestamp":1709369917223,"message_id":421,"stderr":true,"stdout":"\u001b[1;38;5;39mCOMET INFO:\u001b[0m     url                   : [OfflineExperiment will get URL after upload]\n"},"type":"ws_msg"}
{"payload":{"local_timestamp":1709369917223,"message_id":422,"stderr":true,"stdout":"\u001b[1;38;5;39mCOMET INFO:\u001b[0m   Others:\n"},"type":"ws_msg"}
{"payload":{"local_timestamp":1709369917223,"message_id":423,"stderr":true,"stdout":"\u001b[1;38;5;39mCOMET INFO:\u001b[0m     Name               : exp\n"},"type":"ws_msg"}
{"payload":{"local_timestamp":1709369917223,"message_id":424,"stderr":true,"stdout":"\u001b[1;38;5;39mCOMET INFO:\u001b[0m     offline_experiment : True\n"},"type":"ws_msg"}
{"payload":{"local_timestamp":1709369917223,"message_id":425,"stderr":true,"stdout":"\u001b[1;38;5;39mCOMET INFO:\u001b[0m   Uploads:\n"},"type":"ws_msg"}
{"payload":{"local_timestamp":1709369917223,"message_id":426,"stderr":true,"stdout":"\u001b[1;38;5;39mCOMET INFO:\u001b[0m     environment details : 1\n"},"type":"ws_msg"}
{"payload":{"local_timestamp":1709369917223,"message_id":427,"stderr":true,"stdout":"\u001b[1;38;5;39mCOMET INFO:\u001b[0m     git metadata        : 1\n"},"type":"ws_msg"}
{"payload":{"local_timestamp":1709369917223,"message_id":428,"stderr":true,"stdout":"\u001b[1;38;5;39mCOMET INFO:\u001b[0m     installed packages  : 1\n"},"type":"ws_msg"}
{"payload":{"local_timestamp":1709369917223,"message_id":429,"stderr":true,"stdout":"\u001b[1;38;5;39mCOMET INFO:\u001b[0m \n"},"type":"ws_msg"}
